{"avg_similarity_trouw_2013_2012": 0.68088575372926097, "avg_similarity_volkskrant_2011_2010": 0.6794629795950482, "avg_similarity_trouw_2011_2010": 0.65596278772349947, "avg_similarity_trouw_2001_2000": 0.65629974413830583, "avg_similarity_trouw_2012_2011": 0.66590979600462263, "avg_similarity_volkskrant_2015_2014": 0.6838897435131539, "avg_similarity_volkskrant_2013_2012": 0.70690677670256663, "avg_similarity_volkskrant_2012_2011": 0.7014489454892312, "avg_similarity_trouw_1995_1994": 0.65098761268209238, "avg_similarity_trouw_2005_2004": 0.65163274163742058, "avg_similarity_trouw_2016_2015": 0.65557809411436641, "avg_similarity_volkskrant_2006_2005": 0.66496688309108443, "avg_similarity_trouw_2002_2001": 0.65519813507874658, "avg_similarity_trouw_2017_2016": 0.93344521747352005, "avg_similarity_volkskrant_1996_1995": 0.66799476903601618, "avg_similarity_trouw_2004_2003": 0.65881112803740149, "avg_similarity_trouw_2010_2009": 0.66551483963348612, "avg_similarity_trouw_1997_1996": 0.65917459052098415, "avg_similarity_volkskrant_1995_1994": 0.64329180657196849, "avg_similarity_volkskrant_2002_2001": 0.65197746001293067, "avg_similarity_volkskrant_1998_1997": 0.66012531669518804, "avg_similarity_volkskrant_2004_2003": 0.65531214994274378, "avg_similarity_volkskrant_2014_2013": 0.69501291516363639, "avg_similarity_volkskrant_2003_2002": 0.65785042890931822, "avg_similarity_trouw_1999_1998": 0.65318968837936175, "avg_similarity_volkskrant_2000_1999": 0.66049664362336069, "avg_similarity_trouw_2007_2006": 0.66464319293811969, "avg_similarity_trouw_2014_2013": 0.68400717107400777, "avg_similarity_volkskrant_2007_2006": 0.67418771798040722, "avg_similarity_volkskrant_1997_1996": 0.66343661821882494, "avg_similarity_volkskrant_2001_2000": 0.65391597216256869, "avg_similarity_volkskrant_2017_2016": 0.93640917403830737, "avg_similarity_trouw_2006_2005": 0.65704922641981822, "avg_similarity_trouw_1996_1995": 0.65917422316310481, "avg_similarity_volkskrant_1999_1998": 0.66196653802550764, "avg_similarity_volkskrant_2008_2007": 0.67312774225505367, "avg_similarity_trouw_2015_2014": 0.68302904131882136, "avg_similarity_trouw_1998_1997": 0.65777478018734503, "avg_similarity_trouw_2008_2007": 0.65839363157891884, "avg_similarity_trouw_2003_2002": 0.65949814725716105, "avg_similarity_trouw_2000_1999": 0.65740155569013148, "avg_similarity_trouw_2009_2008": 0.65450069969220459, "avg_similarity_volkskrant_2016_2015": 0.66946192908306845, "avg_similarity_volkskrant_2005_2004": 0.6604616157488673, "avg_similarity_volkskrant_2010_2009": 0.6707890628858173, "avg_similarity_volkskrant_2009_2008": 0.6691172758246785}